{
  "baseline1": {
    "0": {
      "precision": 0.576530612244898,
      "recall": 0.5380952380952381,
      "f1-score": 0.5566502463054187,
      "support": 210.0
    },
    "1": {
      "precision": 0.5650224215246636,
      "recall": 0.6028708133971292,
      "f1-score": 0.5833333333333334,
      "support": 209.0
    },
    "accuracy": 0.5704057279236276,
    "macro avg": {
      "precision": 0.5707765168847808,
      "recall": 0.5704830257461837,
      "f1-score": 0.569991789819376,
      "support": 419.0
    },
    "weighted avg": {
      "precision": 0.570790249809268,
      "recall": 0.5704057279236276,
      "f1-score": 0.5699599484267412,
      "support": 419.0
    }
  },
  "baseline2": {
    "0": {
      "precision": 0.5795918367346938,
      "recall": 0.6761904761904762,
      "f1-score": 0.6241758241758242,
      "support": 210.0
    },
    "1": {
      "precision": 0.6091954022988506,
      "recall": 0.507177033492823,
      "f1-score": 0.5535248041775457,
      "support": 209.0
    },
    "accuracy": 0.5918854415274463,
    "macro avg": {
      "precision": 0.5943936195167723,
      "recall": 0.5916837548416496,
      "f1-score": 0.588850314176685,
      "support": 419.0
    },
    "weighted avg": {
      "precision": 0.5943582930662183,
      "recall": 0.5918854415274463,
      "f1-score": 0.5889346232697616,
      "support": 419.0
    }
  },
  "ai": {
    "0": {
      "precision": 0.8333333333333334,
      "recall": 0.8333333333333334,
      "f1-score": 0.8333333333333334,
      "support": 210.0
    },
    "1": {
      "precision": 0.8325358851674641,
      "recall": 0.8325358851674641,
      "f1-score": 0.8325358851674641,
      "support": 209.0
    },
    "accuracy": 0.8329355608591885,
    "macro avg": {
      "precision": 0.8329346092503987,
      "recall": 0.8329346092503987,
      "f1-score": 0.8329346092503987,
      "support": 419.0
    },
    "weighted avg": {
      "precision": 0.8329355608591885,
      "recall": 0.8329355608591885,
      "f1-score": 0.8329355608591885,
      "support": 419.0
    }
  }
}